id,name
1,Mary Garcia
2,Susan Thomas
3,Steven Green
4,Mary Nguyen
5,Richard Mitchell
6,Carol Campbell
7,Paul Lewis
8,Joseph Walker
9,Donna Jackson
10,Stephanie Smith
11,Timothy Hernandez
12,Brian Robinson
13,Nancy Jackson
14,Elizabeth Anderson
15,Timothy White
16,Michael Garcia
17,Matthew Miller
18,Daniel Harris
19,Joshua Moore
20,Stephanie Williams
21,George Young
22,Paul Davis
23,Matthew Garcia
24,Emily Martin
25,Rebecca Nelson
26,Michelle Sanchez
27,Andrew Wilson
28,Dorothy Jones
29,John Hall
30,Joseph Martin
31,Jennifer Thomas
32,Sharon Miller
33,Matthew Jackson
34,Sandra Nelson
35,Rebecca Sanchez
36,David Sanchez
37,Daniel Anderson
38,Kevin Jackson
39,Brian Rivera
40,Carol Jones
41,Joshua Nelson
42,David Torres
43,George Taylor
44,David Young
45,Kenneth Campbell 1
46,Emily Thomas
47,Amanda Thompson
48,Rebecca Brown
49,Joseph Williams
50,Stephanie Thompson
